{"cameraMode":{"drawMode":0,"name":"Shaded","section":"Shading Mode"},"sceneLighting":false,"audioPlay":false,"sceneViewState":{"m_AlwaysRefresh":false,"showFog":true,"showSkybox":false,"showFlares":true,"showImageEffects":true,"showParticleSystems":true,"showVisualEffectGraphs":true,"m_FxEnabled":true},"in2DMode":false,"pivot":{"x":0.2952086627483368,"y":0.30208146572113039,"z":3.6174683570861818},"rotation":{"x":-0.09587277472019196,"y":-0.07697653025388718,"z":0.00749597093090415,"w":-0.9924491047859192},"size":2.40918231010437,"orthographic":false}