{"cameraMode":{"drawMode":0,"name":"Shaded","section":"Shading Mode"},"sceneLighting":true,"audioPlay":false,"sceneViewState":{"m_AlwaysRefresh":false,"showFog":true,"showSkybox":true,"showFlares":true,"showImageEffects":true,"showParticleSystems":true,"showVisualEffectGraphs":true,"m_FxEnabled":true},"in2DMode":false,"pivot":{"x":1.5516294240951539,"y":0.1636541336774826,"z":60.091487884521487},"rotation":{"x":-0.2214936912059784,"y":-0.20106126368045808,"z":0.04667831212282181,"w":-0.953205943107605},"size":10.427448272705079,"orthographic":false}